Type,MyValue,Julia value,C value
Float16,0.000977,0.000977,N/A
Float32,1.1920929e-7,1.1920929e-7,1.1920929E-07
Float64,2.220446049250313e-16,2.220446049250313e-16,2.220446E-16