Type (with printf),MyValue, Julia value,C value
Float16,9.765625000000000000000000000000000000E-04,9.765625000000000000000000000000000000E-04,N/A 
Float32,1.192092895507812500000000000000000000E-07,1.192092895507812500000000000000000000E-07,1.192092895507812500000000000000000000E-07 
Float64,2.220446049250313080847263336181640625E-16,2.220446049250313080847263336181640625E-16,2.220446049250313080847263336181640625E-16 