Type,Floatmin
Float32,1.1754944e-38
Float64,2.2250738585072014e-308