Type,Max,Julia value,C/web
Float16,6.55e4,6.55e4,6.55e+04
Float32,3.4028235e38,3.4028235e38,3.402823E+38 
Float64,1.7976931348623157e308,1.7976931348623157e308,1.797693E+308