Type,Value
Float16,-0.000977
Float32,1.1920929e-7
Float64,-2.220446049250313e-16